path_id,zone #,osm_ids,u,v,image_list
1,1,"[1213134204, 1213134205]",10699767478,5771925942,"['image_3572', 'image_15450', 'image_12269', 'image_11572', 'image_9622', 'image_19949']"
1,1,1213134204,5771925942,5771921496,"['image_4425', 'image_3572', 'image_15388', 'image_15890']"
1,1,"[608843297, 608843301, 608843295]",5771921496,5767473736,"['image_3572', 'image_12104', 'image_22833']"
1,1,608843306,10699767469,5767473736,"['image_3572', 'image_22833']"
1,1,608843302,5767473736,5767254754,"['image_5476', 'image_8493', 'image_7191']"
1,2,608810703,5767254761,5767254754,"['image_9836', 'image_22047']"
1,2,608810709,5767254761,5767254760,"['image_9192', 'image_17170']"
1,2,608810702,5767254772,5767254760,"['image_28', 'image_1570', 'image_19571', 'image_9391']"
1,2,1150192151,12145852190,5767254772,"['image_7449', 'image_13259']"
1,2,1150192151,12145852190,5767251518,"['image_13546', 'image_1570', 'image_28', 'image_22185', 'image_24243']"
1,2,608810477,5767251519,5767251518,"['image_4103', 'image_13259', 'image_3488', 'image_15785', 'image_12186', 'image_1381', 'image_792']"
1,2,608810476,5767251519,5767251517,"['image_4103', 'image_13259', 'image_3488', 'image_2906', 'image_10937', 'image_21672', 'image_9666', 'image_1116', 'image_26163']"
1,3,"[1150890811, 450556877]",5767251512,474752590,"['image_2906', 'image_3446', 'image_9001', 'image_25122', 'image_26162', 'image_8989', 'image_12479']"
1,3,608810480,5767251512,5767210827,"['image_14258', 'image_12479', 'image_8589', 'image_8989', 'image_21533', 'image_25443']"
1,4,"[879215161, 1268858357]",12828014386,5767251512,"['image_14258', 'image_13516', 'image_8589', 'image_8989', 'image_9290', 'image_601', 'image_22736', 'image_21533', 'image_25443', 'image_25847']"
1,4,1268858357,12828014348,10897695311,"['image_14364', 'image_22736', 'image_11986', 'image_17176', 'image_19495', 'image_20590', 'image_23864', 'image_7657', 'image_19344']"
1,5,307269357,12828014348,4340440487,"['image_14089', 'image_15836', 'image_16519', 'image_1925', 'image_2576', 'image_12189', 'image_9764', 'image_115', 'image_19344', 'image_20590', 'image_23864', 'image_7657', 'image_18230']"
2,1,"[1213134204, 1213134205]",10699767478,5771925942,"['image_3572', 'image_15450', 'image_12269', 'image_11572', 'image_9622', 'image_19949']"
2,1,1213134204,5771925942,5771921496,"['image_4425', 'image_3572', 'image_15388', 'image_15890']"
2,1,"[608843297, 608843301, 608843295]",5771921496,5767473736,"['image_3572', 'image_12104', 'image_22833']"
2,1,608843306,10699767469,5767473736,"['image_3572', 'image_22833']"
2,1,608843302,5767473736,5767254754,"['image_5476', 'image_8493', 'image_7191']"
2,1,608810703,5767254761,5767254754,"['image_9836', 'image_22047']"
2,2,608843304,10706048845,5767254754,"['image_14207', 'image_12859', 'image_5364', 'image_12291', 'image_9836', 'image_119']"
2,2,608843304,10706048845,5767262916,"['image_14207', 'image_12859', 'image_12895', 'image_5364', 'image_21928']"
2,2,608843304,5767262916,5767262915,"['image_12895', 'image_11775', 'image_21928']"
2,2,"[608811784, 608811785, 608811796]",5767262916,5767254770,"['image_12895', 'image_16071', 'image_5939', 'image_6235', 'image_11775', 'image_20613', 'image_21928']"
2,3,608810718,5767254770,5767254768,"['image_22868', 'image_15033', 'image_10521', 'image_12895']"
2,3,"[608811786, 608811787, 608811797]",576726292,5767254768,"['image_16071', 'image_17400', 'image_10521', 'image_12700']"
2,2,608811781,5767262926,5767262911,"['image_12770', 'image_12731', 'image_1320', 'image_10367', 'image_17354', 'image_17400']"
2,2,608811798,10706048850,5767262926,"['image_13910', 'image_12770', 'image_16224', 'image_1320', 'image_10367', 'image_17354', 'image_17400']"
2,3,608811798,10706048850,5767262927,"['image_4058', 'image_13910', 'image_15841', 'image_16224', 'image_11683', 'image_10622', 'image_9162']"
2,4,"[436165671, 436165672, 436165674, 450556878, 608811798]",12045314047,5767262927,"['image_3692', 'image_4058', 'image_15841', 'image_6060', 'image_2468', 'image_11683', 'image_10622', 'image_11394', 'image_1112', 'image_8977', 'image_9162', 'image_9366', 'image_836', 'image_20699', 'image_22591', 'image_8139', 'image_25424', 'image_24276']"
2,4,"[1300436422, 1300436423]",12045314047,5767275476,"['image_11177', 'image_9775', 'image_836', 'image_20441', 'image_20701', 'image_6588', 'image_7341']"
2,4,608814080,5767275476,4340440458,"['image_11177', 'image_9775', 'image_20441', 'image_20701', 'image_6588', 'image_7341']"
2,5,436165691,4340440477,4340440458,"['image_11177', 'image_20441', 'image_11113']"
2,5,608816215,5767288948,4340440477,"['image_8601', 'image_1076', 'image_16305', 'image_3869', 'image_18656', 'image_115']"
2,5,"[436165689, 307269357, 1385538118]",5767288948,4340440487,"['image_16305', 'image_16519', 'image_2576', 'image_1076', 'image_1819', 'image_8570', 'image_8601', 'image_9764', 'image_115', 'image_19942', 'image_18230', 'image_18656', 'image_17679']"
2,5,307269357,12828014348,4340440487,"['image_14089', 'image_15836', 'image_16519', 'image_1925', 'image_2576', 'image_12189', 'image_9764', 'image_115', 'image_19344', 'image_20590', 'image_23864', 'image_7657', 'image_18230']"13
3,1,307269357,12828014348,4340440487,"['image_14089', 'image_15836', 'image_16519', 'image_1925', 'image_2576', 'image_12189', 'image_9764', 'image_115', 'image_19344', 'image_20590', 'image_23864', 'image_7657', 'image_18230']"13
3,1,"[436165689, 307269357, 1385538118]",5767288948,4340440487,"['image_16305', 'image_16519', 'image_2576', 'image_1076', 'image_1819', 'image_8570', 'image_8601', 'image_9764', 'image_115', 'image_19942', 'image_18230', 'image_18656', 'image_17679']"
3,1,608816215,5767288948,4340440477,"['image_8601', 'image_1076', 'image_16305', 'image_3869', 'image_18656', 'image_115']"
3,1,307269360,4340440477,3123601633,"['image_1060', 'image_10150', 'image_17679', 'image_17153', 'image_16350', 'image_5564', 'image_15152']"
3,2,436165681,4340440475,3123601633,"['image_16350', 'image_5564', 'image_15152', 'image_23589', 'image_22424', 'image_23780', 'image_11117', 'image_23658', 'image_9366', 'image_8139']"
3,2,"[608814081, 608814082, 450556876, 436165681, 436165685, 608812661]",10706048848,4340440475,"['image_7271', 'image_21525', 'image_23319', 'image_4455']"
3,2,608812661,10706048849,10706048848,"['image_7271', 'image_21525', 'image_23319', 'image_4455', 'image_21456']"
3,2,608812661,10706048849,4474752590,"['image_13958', 'image_15847', 'image_9666', 'image_20295', 'image_21456', 'image_23319', 'image_21525', 'image_21760', 'image_26163', 'image_7271']"
3,2,608810479,5767251517,4474752590,"['image_21672', 'image_21456', 'image_7271', 'image_9666']"
3,2,608810476,5767251519,5767251517,"['image_21672', 'image_10937', 'image_21456']"
3,2,608810477,5767251519,5767251518,"['image_792', 'image_1381', 'image_4103']"
3,3,608810483,10699767447,5767251519,"['image_4103', 'image_13259', 'image_3488', 'image_15785', 'image_12186', 'image_10937', 'image_1381', 'image_792', 'image_22185', 'image_24243']"
3,3,1312341387,10699767447,5767251528,"['image_7449', 'image_13259', 'image_28']"
3,3,608810713,5767254763,5767251528,"['image_13546', 'image_1570', 'image_28']"
3,4,608810712,5767254763,5767254762,"['image_13546', 'image_12082', 'image_1570', 'image_28', 'image_18797']"
3,4,608810705,5767254762,5767254755,"['image_13546', 'image_12082', 'image_18797']"
3,4,609349107,5771921496,5767254755,"['image_4425', 'image_13546', 'image_3572', 'image_15388', 'image_15890', 'image_12082', 'image_18797']"
3,4,1213134204,5771925942,5771921496,"['image_4425', 'image_3572', 'image_15388', 'image_15890']"
3,4,"[1213134204, 1213134205]",10699767478,5771925942,"['image_3572', 'image_15450', 'image_12269', 'image_11572', 'image_9622', 'image_19949']"10
4,1,307269357,12828014348,4340440487,"['image_14089', 'image_15836', 'image_16519', 'image_1925', 'image_2576', 'image_12189', 'image_9764', 'image_115', 'image_19344', 'image_20590', 'image_23864', 'image_7657', 'image_18230']"13
4,2,1268858357,12828014348,10897695311,"['image_14364', 'image_22736', 'image_11986', 'image_17176', 'image_19495', 'image_20590', 'image_23864', 'image_7657', 'image_19344']"6
4,2,"[879215161, 1268858357]",12828014386,5767251512,"['image_14258', 'image_13516', 'image_8589', 'image_8989', 'image_9290', 'image_601', 'image_22736', 'image_21533', 'image_25443', 'image_25847']"
4,3,608810480,5767251512,5767210827,"['image_14258', 'image_12479', 'image_8589', 'image_8989', 'image_21533', 'image_25443']"
4,3,"[1150890811, 450556877]",5767251512,474752590,"['image_2906', 'image_3446', 'image_9001', 'image_25122', 'image_26162', 'image_8989', 'image_12479']"
4,4,608810476,5767251519,5767251517,"['image_4103', 'image_13259', 'image_3488', 'image_2906', 'image_10937', 'image_21672', 'image_9666', 'image_1116', 'image_26163']"
4,4,608810477,5767251519,5767251518,"['image_4103', 'image_13259', 'image_3488', 'image_15785', 'image_12186', 'image_1381', 'image_792']"
4,4,608810483,10699767447,5767251519,"['image_4103', 'image_13259', 'image_3488', 'image_15785', 'image_12186', 'image_10937', 'image_1381', 'image_792', 'image_22185', 'image_24243']"
4,4,1312341387,10699767447,5767251528,"['image_13546', 'image_1570', 'image_28', 'image_22185', 'image_24243']"
4,5,608810713,5767254763,5767251528,"['image_13546', 'image_1570', 'image_28']"
4,5,"[651668441, 608810486]",5767251528,5767244461,"['image_1570', 'image_9266', 'image_8343', 'image_14886']"
4,6,"[609349109, 608809286]",5771921498,5767244461,"['image_4366', 'image_12982']"
4,6,609349110,10699635482,5771921498,"['image_16072', 'image_20624', 'image_18363', 'image_25766']"
4,6,609349110,10699635482,5771921497,"['image_12982', 'image_5540', 'image_15705', 'image_12018', 'image_8914', 'image_25766']"
4,6,"[609349108, 1213134205]",10699767478,5771921497,"['image_12269', 'image_9622', 'image_518', 'image_19949', 'image_19176', 'image_9593']"
4,6,"[1213134204, 1213134205]",10699767478,5771925942,"['image_3572', 'image_15450', 'image_12269', 'image_11572', 'image_9622', 'image_19949']"10