u,v,key,osmid,highway,name,ref,oneway,reversed,length,geometry,maxspeed,lanes,width,bridge,service,tunnel,access
21627702,12699412720,0,298359272,track,Wimbachweg,AV 411;AV 421,False,False,51.77333303819854,"LINESTRING (12.9190705 47.5962289, 12.9188281 47.5962702, 12.9185843 47.5962721, 12.9183909 47.5962482)",,,,,,,
46234084,3466143410,0,5812656,service,,,False,True,58.156090248013484,"LINESTRING (-112.0206206 47.5962505, -112.0204371 47.5962228, -112.0201523 47.5962364, -112.0198511 47.5962214)",,,,,,,
48820759,10296450013,0,5935376,unclassified,Peha Road East,,False,False,203.7993758042155,"LINESTRING (-118.9069189 47.5962228, -118.9096367 47.5962374)",,,,,,,
66211812,2019570459,0,203793418,track,Tauplitzalm Plateauweg,,False,False,9.084024051961602,"LINESTRING (13.9952608 47.5962133, 13.9951398 47.5962173)",20,,,,,,
183004933,1151639239,0,32354599,unclassified,Höhenreute,,False,True,30.20518009044052,"LINESTRING (9.7161129 47.5962271, 9.7157102 47.5962337)",,,,,,,
248484811,2555355234,0,766797537,secondary,,St 2007,False,True,7.879903018705193,"LINESTRING (10.3991293 47.5962486, 10.3990327 47.5962207)",100,2,5,,,,
266090194,1582928062,0,40503287,footway,,,False,True,0.16118716420677678,"LINESTRING (9.8754599 47.5962418, 9.8754585 47.5962407)",,,,,,,
266252735,266252736,0,33394321,footway,,,False,False,8.424006040823004,"LINESTRING (9.8904035 47.5962469, 9.8903564 47.5962368, 9.8902976 47.5962217)",,,,,,,
266252736,266252735,0,33394321,footway,,,False,True,8.424006040823004,"LINESTRING (9.8902976 47.5962217, 9.8903564 47.5962368, 9.8904035 47.5962469)",,,,,,,
266852976,9125227904,0,24542440,residential,Pater Stefan-Straße,,False,False,5.60648002774412,"LINESTRING (12.1779618 47.5962096, 12.1780106 47.5962478)",,2,,,,,
278988000,278988001,0,25593704,residential,Schneckenbuch,,False,False,30.201793196587367,"LINESTRING (9.7447711 47.5962447, 9.7451697 47.5962057)",,,,,,,
278988001,278988000,0,25593704,residential,Schneckenbuch,,False,True,30.201793196587367,"LINESTRING (9.7451697 47.5962057, 9.7447711 47.5962447)",,,,,,,
318032013,2807666504,0,605997975,primary,,85,False,True,134.63558862282028,"LINESTRING (16.7882335 47.5962168, 16.7887603 47.5962484, 16.7892196 47.596255, 16.7900249 47.5962174)",,,,,,,
318085652,9396999698,0,1288874048,residential,Stettiner Straße,,False,False,3.7752789285494033,"LINESTRING (7.6253817 47.5962324, 7.6254128 47.5962057)",30,,,,,,
322486267,3795112388,0,29311219,track,Unterer Schupißweg,,False,True,9.085097007062686,"LINESTRING (8.0741794 47.5962517, 8.0740673 47.5962207)",,,,,,,
328523063,3299345926,0,269508041,service,Mühlau,,False,False,2.5660906444103158,"LINESTRING (12.5511291 47.5962237, 12.5511319 47.5962007)",,,,,,,
328523063,3299345927,0,29811688,service,Mühlau,,False,False,17.676693615186377,"LINESTRING (12.5511291 47.5962237, 12.5512357 47.5962243, 12.5512984 47.5962227, 12.5513638 47.596215)",,,,,,,
331227560,9750214784,0,"[1021347996, 30071838]","['footway', 'service']",,,False,"[False, True]",12.32541161870966,"LINESTRING (-122.1981128 47.5962249, -122.198017 47.5962594, -122.1979955 47.5962247)",,,,,,,
334620514,334621295,0,"[30340706, 142410436]",residential,Inselgasse,,False,False,70.71395782655983,"LINESTRING (16.3929019 47.5962221, 16.3929529 47.5962981, 16.3934198 47.5962494, 16.3937598 47.596203)",,,,yes,,,
334621295,334620514,0,"[30340706, 142410436]",residential,Inselgasse,,False,True,70.71395782655985,"LINESTRING (16.3937598 47.596203, 16.3934198 47.5962494, 16.3929529 47.5962981, 16.3929019 47.5962221)",,,,yes,,,
334943221,1483961988,0,30363510,track,,,False,False,15.515367252968442,"LINESTRING (15.7928887 47.5962475, 15.7930067 47.5962682, 15.7930485 47.5962183)",,,,,,,
335984676,7081506871,0,30444287,path,,,False,False,4.473177333615034,"LINESTRING (7.6741076 47.5962417, 7.6740642 47.5962141)",,,1,,,,
336667395,336667402,0,800804910,track,Forststraße Rigausbachstraße,,False,False,66.28597599744577,"LINESTRING (13.3705902 47.5962033, 13.3709434 47.5962737, 13.3711472 47.59629, 13.3713228 47.5962805, 13.3714401 47.5962364)",,,,,,,
336667402,336667395,0,800804910,track,Forststraße Rigausbachstraße,,False,True,66.28597599744577,"LINESTRING (13.3714401 47.5962364, 13.3713228 47.5962805, 13.3711472 47.59629, 13.3709434 47.5962737, 13.3705902 47.5962033)",,,,,,,
336921903,1690578386,0,156823216,track,,,False,False,30.148883440457112,"LINESTRING (16.2091512 47.5962178, 16.20955 47.5962523)",,,,,,,
337979443,2388276433,0,"[30583597, 230306558]",service,Salitererweg,,False,"[False, True]",32.589608869497255,"LINESTRING (13.7911089 47.596245, 13.7910166 47.5962852, 13.7911128 47.5962982, 13.7912474 47.5962774, 13.7913256 47.5962494)",,,,,,,
357211698,357211699,0,31896004,residential,Im Wiesengrund,,False,False,25.437838501175676,"LINESTRING (10.1267401 47.5962303, 10.1270792 47.5962237)",30,,,,,,
357211699,357211698,0,31896004,residential,Im Wiesengrund,,False,True,25.437838501175676,"LINESTRING (10.1270792 47.5962237, 10.1267401 47.5962303)",30,,,,,,
366173226,6787588382,0,32556981,residential,Strada Fundoi,,False,False,32.59874531050752,"LINESTRING (25.6651099 47.5962061, 25.66523 47.5962208, 25.6653668 47.5962267, 25.6654533 47.5962172, 25.6655377 47.5962005)",RO:urban,,,,,,
366177584,366177587,0,32556818,track,,,False,False,33.57202905451675,"LINESTRING (25.5968589 47.5962185, 25.596709 47.5962192, 25.5964113 47.5962136)",,,,,,,
366177587,366177584,0,32556818,track,,,False,True,33.57202905451675,"LINESTRING (25.5964113 47.5962136, 25.596709 47.5962192, 25.5968589 47.5962185)",,,,,,,
367976075,367976088,0,360932593,path,,,False,False,13.139849973917888,"LINESTRING (14.8694559 47.5962339, 14.8692861 47.5962047)",,,,,,,
367976088,367976075,0,360932593,path,,,False,True,13.139849973917888,"LINESTRING (14.8692861 47.5962047, 14.8694559 47.5962339)",,,,,,,
369822633,1151639239,0,32354599,unclassified,Höhenreute,,False,False,14.82012487724246,"LINESTRING (9.7155128 47.5962271, 9.7157102 47.5962337)",,,,,,,
373928294,373928527,0,33121187,path,,,False,False,8.751989740930831,"LINESTRING (9.5755393 47.5962464, 9.5755725 47.5962513, 9.5755995 47.5962439, 9.5756287 47.5962136)",,,,,,,
373928527,373928294,0,33121187,path,,,False,True,8.751989740930831,"LINESTRING (9.5756287 47.5962136, 9.5755995 47.5962439, 9.5755725 47.5962513, 9.5755393 47.5962464)",,,,,,,
432492879,432492880,0,84998512,path,,,False,False,11.585108175237853,"LINESTRING (13.4549816 47.596226, 13.4548271 47.596226)",,,,,,,
432492880,432492879,0,84998512,path,,,False,True,11.585108175237853,"LINESTRING (13.4548271 47.596226, 13.4549816 47.596226)",,,,,,,
440898830,1628702120,0,37613884,path,,,False,True,14.037458181015452,"LINESTRING (11.9568906 47.5962274, 11.9570778 47.5962283)",,,,,,,
441705231,1885039186,0,178128870,unclassified,,,False,False,8.37998614992676,"LINESTRING (-2.5490127 47.5962167, -2.5489012 47.5962116)",,,,,,,
442701166,442705261,0,248699020,path,,,False,False,15.281847236504154,"LINESTRING (11.6196895 47.5962182, 11.6194857 47.5962182)",,,,,,,
442705261,442701166,0,248699020,path,,,False,True,15.281847236504154,"LINESTRING (11.6194857 47.5962182, 11.6196895 47.5962182)",,,,,,,
446040592,10936845690,0,37975441,residential,Loogasse,,False,True,59.5997732716076,"LINESTRING (8.7865222 47.5962374, 8.7866554 47.5962545, 8.7869592 47.5962684, 8.7871367 47.5962548, 8.7873091 47.5962306)",30,,,,,,
456360099,1275640039,0,38550277,path,,,False,True,27.45579029122358,"LINESTRING (9.9274019 47.5962113, 9.9275807 47.5962344, 9.9277646 47.5962402)",,,,,,,
490727620,490727624,0,40490685,residential,Sport utca,,False,False,7.7738375153621675,"LINESTRING (18.936847 47.5962325, 18.9367526 47.5962036)",30,,,,,,
490727624,490727620,0,40490685,residential,Sport utca,,False,True,7.7738375153621675,"LINESTRING (18.9367526 47.5962036, 18.936847 47.5962325)",30,,,,,,
510804081,510804086,0,768983901,tertiary,,17,False,True,64.42349374482609,"LINESTRING (-71.0599337 47.5962264, -71.0592697 47.5962564, -71.0590822 47.5962237)",,2,,,,,
510804086,510804081,0,768983901,tertiary,,17,False,False,64.42349374482609,"LINESTRING (-71.0590822 47.5962237, -71.0592697 47.5962564, -71.0599337 47.5962264)",,2,,,,,
573389419,573389431,0,45181671,track,,,False,False,36.495397207336076,"LINESTRING (11.3872052 47.5962294, 11.3876919 47.5962278)",,,,,,,
573389419,573389420,0,45181671,track,,,False,True,60.82132375946125,"LINESTRING (11.3872052 47.5962294, 11.3869985 47.5962264, 11.3867816 47.5962556, 11.3865874 47.5962645, 11.3863998 47.5962518)",,,,,,,
573389420,573389419,0,45181671,track,,,False,False,60.82132375946125,"LINESTRING (11.3863998 47.5962518, 11.3865874 47.5962645, 11.3867816 47.5962556, 11.3869985 47.5962264, 11.3872052 47.5962294)",,,,,,,
573389431,573389419,0,45181671,track,,,False,True,36.495397207336076,"LINESTRING (11.3876919 47.5962278, 11.3872052 47.5962294)",,,,,,,
574840863,574840868,0,45265992,track,Lichsenhaldenweg,,False,False,18.047134075322283,"LINESTRING (7.6917302 47.5962319, 7.6918553 47.5962475, 7.6919676 47.5962366)",,,3,,,,
574840868,574840863,0,45265992,track,Lichsenhaldenweg,,False,True,18.047134075322283,"LINESTRING (7.6919676 47.5962366, 7.6918553 47.5962475, 7.6917302 47.5962319)",,,3,,,,
587913379,4902792679,0,498942792,path,,,False,False,31.308907535082028,"LINESTRING (11.8468733 47.5962291, 11.8466129 47.5962551, 11.8464597 47.5962427)",,,0.3,,,,
587913403,4902792662,0,498942795,path,,,False,False,31.988921501288253,"LINESTRING (11.8351946 47.5962471, 11.8351247 47.5962663, 11.835106 47.5962673, 11.8350763 47.5962612, 11.8350235 47.5962411, 11.8349803 47.5962331, 11.8349258 47.5962275, 11.8348424 47.5962324, 11.8347956 47.5962104)",,,0.5,,,,
612904961,612904963,0,48223579,residential,,,False,False,16.59048753700051,"LINESTRING (25.1559559 47.5962494, 25.1557423 47.5962105)",RO:urban,,,,,,
612904963,612904961,0,48223579,residential,,,False,True,16.59048753700051,"LINESTRING (25.1557423 47.5962105, 25.1559559 47.5962494)",RO:urban,,,,,,
612904978,6734368666,0,48223579,residential,,,False,False,73.67316486929043,"LINESTRING (25.1525467 47.5962053, 25.1523234 47.5962144, 25.1521809 47.5962118, 25.152023 47.5962157, 25.1515649 47.5962079)",RO:urban,,,,,,
676823296,2010677853,0,"[190442557, 351447630]","['service', 'residential']",Rue du Tilleul,,False,"[False, True]",51.292080914048555,"LINESTRING (7.5023243 47.5962361, 7.5023114 47.5962948, 7.5022422 47.5962846, 7.501725 47.596223)",,,,,,,
705241285,705241319,0,56202255,residential,Haidestraße,,False,True,9.711827566473188,"LINESTRING (11.1949081 47.5962148, 11.1950328 47.5962384)",,,,,,,
705241319,705241285,0,56202255,residential,Haidestraße,,False,False,9.711827566473188,"LINESTRING (11.1950328 47.5962384, 11.1949081 47.5962148)",,,,,,,
705241319,705312790,0,"[56206923, 56202255]","['service', 'residential']",Haidestraße,,False,True,32.10555570336969,"LINESTRING (11.1950328 47.5962384, 11.1951624 47.5962518, 11.1953203 47.5962521, 11.1953841 47.5962499, 11.1954447 47.5962198)",,,,,,,
705312790,705241319,0,"[56206923, 56202255]","['service', 'residential']",Haidestraße,,False,False,32.105555703369696,"LINESTRING (11.1954447 47.5962198, 11.1953841 47.5962499, 11.1953203 47.5962521, 11.1951624 47.5962518, 11.1950328 47.5962384)",,,,,,,
754702565,10065514567,0,60510379,path,Buckhorn Trail,,False,True,16.69226219908541,"LINESTRING (-103.3319479 47.5962173, -103.3317257 47.5962082)",,,,,,,
828454010,1634769966,0,"[150577153, 150404727]","['path', 'track']",Haldenstrasse,,False,"[False, True]",23.6473609663125,"LINESTRING (8.2787669 47.59622, 8.2787405 47.5962698, 8.2785254 47.5962028)",,,,,,,
898792660,12077121357,0,1092972561,track,,,False,True,37.50389586472298,"LINESTRING (12.7509742 47.5962284, 12.751225 47.5962541, 12.7514678 47.5962255)",,,,,,,
910646759,910647110,0,62291576,track,404,,False,True,26.12844454411826,"LINESTRING (11.2582073 47.5962414, 11.2581124 47.5962737, 11.2579923 47.5962761, 11.2578874 47.5962341)",,,,,,,
910647110,910646759,0,62291576,track,404,,False,False,26.128444544118256,"LINESTRING (11.2578874 47.5962341, 11.2579923 47.5962761, 11.2581124 47.5962737, 11.2582073 47.5962414)",,,,,,,
950712821,10635576472,0,81558477,path,,,False,False,3.4958248169389954,"LINESTRING (-3.1486572 47.5962444, -3.148702 47.5962357)",,,,,,,
983584312,8388518077,0,"[208260112, 84673124]","['tertiary', 'residential']",Октябрьский переулок,,False,True,110.69318089238338,"LINESTRING (40.1534372 47.5962131, 40.1535544 47.5962654, 40.1538969 47.5962698, 40.153948 47.5962704, 40.1542203 47.596269, 40.1545628 47.5962486, 40.154883 47.5962078)",,,,,,,
986534608,986535205,0,84998484,track,,,False,False,18.876824841333082,"LINESTRING (13.4339415 47.5962084, 13.4338681 47.5962465, 13.4337099 47.596235)",,,,,,,
986535205,986534608,0,84998484,track,,,False,True,18.876824841333082,"LINESTRING (13.4337099 47.596235, 13.4338681 47.5962465, 13.4339415 47.5962084)",,,,,,,
1016378634,1016378834,0,790696539,tertiary,,D 125,False,False,29.14351510905031,"LINESTRING (-1.6871949 47.5962221, -1.6868077 47.5962448)",,,,,,,
1016378834,1016378634,0,790696539,tertiary,,D 125,False,True,29.14351510905031,"LINESTRING (-1.6868077 47.5962448, -1.6871949 47.5962221)",,,,,,,
1016870485,1016870620,0,87451303,track,,C 16,False,False,20.19651271486845,"LINESTRING (5.5148993 47.5962433, 5.5150375 47.5962144, 5.5151613 47.5962046)",,,,,,,
1016870620,1016870485,0,87451303,track,,C 16,False,True,20.19651271486845,"LINESTRING (5.5151613 47.5962046, 5.5150375 47.5962144, 5.5148993 47.5962433)",,,,,,,
1151639239,183004933,0,32354599,unclassified,Höhenreute,,False,False,30.20518009044052,"LINESTRING (9.7157102 47.5962337, 9.7161129 47.5962271)",,,,,,,
1151639239,369822633,0,32354599,unclassified,Höhenreute,,False,True,14.82012487724246,"LINESTRING (9.7157102 47.5962337, 9.7155128 47.5962271)",,,,,,,
1171136516,1171136530,0,101432847,service,,,False,True,41.29971108556803,"LINESTRING (7.625004 47.5962457, 7.6244533 47.5962519)",,,,,parking_aisle,,
1171136530,1171136516,0,101432847,service,,,False,False,41.29971108556803,"LINESTRING (7.6244533 47.5962519, 7.625004 47.5962457)",,,,,parking_aisle,,
1275640039,456360099,0,38550277,path,,,False,False,27.45579029122358,"LINESTRING (9.9277646 47.5962402, 9.9275807 47.5962344, 9.9274019 47.5962113)",,,,,,,
1314871437,1314871563,0,"[116687442, 116687436]",service,,,False,True,13.833275952128721,"LINESTRING (20.0477818 47.5962034, 20.0477773 47.5962688, 20.047732 47.5962184)",,,,,,,
1314871563,1314871437,0,"[116687442, 116687436]",service,,,False,False,13.833275952128721,"LINESTRING (20.047732 47.5962184, 20.0477773 47.5962688, 20.0477818 47.5962034)",,,,,,,
1343438168,5377345806,0,143247485,primary,Route 470,470,False,False,23.415647238812625,"LINESTRING (-58.9771156 47.5962164, -58.9774257 47.5962412)",,,,,,,
1345544183,5121227682,0,332742041,living_street,Sárkányfű utca,,False,False,4.376039583767698,"LINESTRING (19.1753323 47.5962455, 19.1753429 47.5962068)",20,,,,,,
1369459418,8420816742,0,"[122594177, 906850735]","['path', 'footway']",Virginia River Walk,,False,"[False, True]",28.437094515705883,"LINESTRING (-52.6953037 47.5962022, -52.6952177 47.5962991, -52.6951846 47.5962848, -52.6950501 47.596212)",,,,,,,
1403788711,1403788715,0,126687348,unclassified,,CE 168,False,False,19.04293043972725,"LINESTRING (-1.4511525 47.596212, -1.451043 47.5962369, -1.4509056 47.5962481)",,,,,,,
1403788715,1403788711,0,126687348,unclassified,,CE 168,False,True,19.04293043972725,"LINESTRING (-1.4509056 47.5962481, -1.451043 47.5962369, -1.4511525 47.596212)",,,,,,,
1420261834,1420261844,0,248534072,track,,,False,True,80.1154460756987,"LINESTRING (11.4904046 47.5962041, 11.4905172 47.5962121, 11.4906361 47.5962205, 11.4909375 47.5962156, 11.4912089 47.5962287, 11.4914709 47.5962328)",,,,,,,
1420261844,1420261834,0,248534072,track,,,False,False,80.1154460756987,"LINESTRING (11.4914709 47.5962328, 11.4912089 47.5962287, 11.4909375 47.5962156, 11.4906361 47.5962205, 11.4905172 47.5962121, 11.4904046 47.5962041)",,,,,,,
1466742426,1466742598,0,287372027,service,,,False,False,10.725318528562157,"LINESTRING (12.1852764 47.5962017, 12.1852507 47.5962019, 12.185175 47.5962326, 12.1851461 47.5962342)",,,,,driveway,,
1466742598,1466742426,0,287372027,service,,,False,True,10.725318528562157,"LINESTRING (12.1851461 47.5962342, 12.185175 47.5962326, 12.1852507 47.5962019, 12.1852764 47.5962017)",,,,,driveway,,
1471784176,1471784213,0,133727686,track,Kaisertal,,False,True,9.500902837552944,"LINESTRING (12.2423883 47.5962199, 12.2422623 47.5962289)",,,,,,,
1471784213,1471784176,0,133727686,track,Kaisertal,,False,False,9.500902837552944,"LINESTRING (12.2422623 47.5962289, 12.2423883 47.5962199)",,,,,,,
1483961988,334943221,0,30363510,track,,,False,True,15.515367252968442,"LINESTRING (15.7930485 47.5962183, 15.7930067 47.5962682, 15.7928887 47.5962475)",,,,,,,
1487344257,3729133129,0,135421373,track,,,False,False,393.96665503156925,"LINESTRING (38.7837436 47.5962439, 38.7889974 47.5962151)",,,,,,,
1582928062,266090194,0,40503287,footway,,,False,False,0.16118716420677678,"LINESTRING (9.8754585 47.5962407, 9.8754599 47.5962418)",,,,,,,
1583878327,3230131109,0,1159444292,living_street,Badstubenweg,,False,True,0.6327692558085934,"LINESTRING (7.664961 47.59624, 7.6649595 47.5962344)",,,4,,,,
1603544823,2079132498,0,147150441,steps,,,False,True,26.61384385889259,"LINESTRING (10.554743 47.5962215, 10.5546189 47.596215, 10.5545368 47.5962302, 10.5543953 47.5962079)",,,,,,,
1603752943,4022084542,0,"[399467332, 147161237]","['path', 'track']",,,False,True,27.174178427036637,"LINESTRING (10.5509595 47.5962406, 10.5508812 47.5962409, 10.5507737 47.5962351, 10.5505975 47.5962322)",,,,,,,
1605610547,4696155948,0,"[475937304, 147342045]",unclassified,Rue du Cabestan,,False,False,18.31907569575756,"LINESTRING (-3.0429999 47.5962255, -3.0431491 47.5962501, -3.0432176 47.59621)",,,,,,,
1628702120,440898830,0,37613884,path,,,False,False,14.037458181015452,"LINESTRING (11.9570778 47.5962283, 11.9568906 47.5962274)",,,,,,,
1634769966,828454010,0,"[150577153, 150404727]","['path', 'track']",Haldenstrasse,,False,"[False, True]",23.6473609663125,"LINESTRING (8.2785254 47.5962028, 8.2787405 47.5962698, 8.2787669 47.59622)",,,,,,,
1681139440,12373191141,0,155759056,residential,Rue des Champs,,False,False,29.07589325769073,"LINESTRING (7.1170746 47.5962011, 7.1169055 47.5962156, 7.1166891 47.5962023)",,,,,,,
1690578386,336921903,0,156823216,track,,,False,True,30.148883440457112,"LINESTRING (16.20955 47.5962523, 16.2091512 47.5962178)",,,,,,,
1878565216,6521330606,0,177400155,residential,,,False,True,10.949446746963394,"LINESTRING (27.8762087 47.5962517, 27.8760721 47.5962169)",,,,,,,
1885039186,441705231,0,178128870,unclassified,,,False,True,8.37998614992676,"LINESTRING (-2.5489012 47.5962116, -2.5490127 47.5962167)",,,,,,,
2010677853,676823296,0,"[190442557, 351447630]","['service', 'residential']",Rue du Tilleul,,False,"[False, True]",51.29208091404855,"LINESTRING (7.501725 47.596223, 7.5022422 47.5962846, 7.5023114 47.5962948, 7.5023243 47.5962361)",,,,,,,
2019570459,66211812,0,203793418,track,Tauplitzalm Plateauweg,,False,True,9.084024051961602,"LINESTRING (13.9951398 47.5962173, 13.9952608 47.5962133)",20,,,,,,
2069759799,12367210551,0,28454262,track,,,False,True,78.92151422499312,"LINESTRING (10.5097646 47.5962406, 10.5100912 47.5962719, 10.5106682 47.5962363, 10.5108114 47.5962376)",,,,,,,
2079132498,1603544823,0,147150441,steps,,,False,False,26.61384385889259,"LINESTRING (10.5543953 47.5962079, 10.5545368 47.5962302, 10.5546189 47.596215, 10.554743 47.5962215)",,,,,,,
2157007001,2157007004,0,348427345,path,Woodridge Open Space Loop,,False,False,20.306364401011905,"LINESTRING (-122.1690136 47.596203, -122.1689709 47.596277, -122.1689645 47.5962826, -122.1689579 47.5962815, -122.1689502 47.5962772, -122.1689099 47.5962488, -122.168869 47.5962126)",,,1.0,,,,
2157007002,2157007003,0,348427345,path,Woodridge Open Space Loop,,False,True,22.829459737446793,"LINESTRING (-122.1681175 47.5962099, -122.1681837 47.5962455, -122.1682257 47.5962813, -122.1682371 47.5962893, -122.1682493 47.5962931, -122.1682526 47.5962843, -122.1682336 47.5962121)",,,1.0,,,,
2157007003,2157007002,0,348427345,path,Woodridge Open Space Loop,,False,False,22.829459737446793,"LINESTRING (-122.1682336 47.5962121, -122.1682526 47.5962843, -122.1682493 47.5962931, -122.1682371 47.5962893, -122.1682257 47.5962813, -122.1681837 47.5962455, -122.1681175 47.5962099)",,,1.0,,,,
2157007004,2157007001,0,348427345,path,Woodridge Open Space Loop,,False,True,20.306364401011905,"LINESTRING (-122.168869 47.5962126, -122.1689099 47.5962488, -122.1689502 47.5962772, -122.1689579 47.5962815, -122.1689645 47.5962826, -122.1689709 47.596277, -122.1690136 47.596203)",,,1.0,,,,
2330269689,2330269690,0,80373723,track,Beuggenwaldweg,,False,False,20.321324202674397,"LINESTRING (7.9725395 47.5962172, 7.9728085 47.5962394)",,,3,,,,
2330269690,2330269689,0,80373723,track,Beuggenwaldweg,,False,True,20.321324202674397,"LINESTRING (7.9728085 47.5962394, 7.9725395 47.5962172)",,,3,,,,
2345213376,2345213444,0,225768489,service,,,False,True,53.70153699695747,"LINESTRING (13.1654339 47.5962004, 13.1653601 47.5962079, 13.1647186 47.5962034)",,,,,driveway,,
2345213444,2345213376,0,225768489,service,,,False,False,53.70153699695747,"LINESTRING (13.1647186 47.5962034, 13.1653601 47.5962079, 13.1654339 47.5962004)",,,,,driveway,,
2357170801,2357170895,0,226982212,service,,,False,True,15.208906041917599,"LINESTRING (18.3873368 47.5962007, 18.3871351 47.5962151)",,,,,,,
2357170895,2357170801,0,226982212,service,,,False,False,15.208906041917599,"LINESTRING (18.3871351 47.5962151, 18.3873368 47.5962007)",,,,,,,
2371870107,2371870113,0,228518010,unclassified,,,False,False,12.21897704590689,"LINESTRING (23.5805467 47.596205, 23.5806996 47.596243)",,,,,,,
2371870113,2371870107,0,228518010,unclassified,,,False,True,12.21897704590689,"LINESTRING (23.5806996 47.596243, 23.5805467 47.596205)",,,,,,,
2388276427,2388276433,0,230306558,service,,,False,True,7.097284362675502,"LINESTRING (13.7914012 47.5962113, 13.7913416 47.5962437, 13.7913256 47.5962494)",,,,,,,
2388276433,2388276427,0,230306558,service,,,False,False,7.097284362675502,"LINESTRING (13.7913256 47.5962494, 13.7913416 47.5962437, 13.7914012 47.5962113)",,,,,,,
2388276433,337979443,0,"[30583597, 230306558]",service,Salitererweg,,False,"[False, True]",32.589608869497255,"LINESTRING (13.7913256 47.5962494, 13.7912474 47.5962774, 13.7911128 47.5962982, 13.7910166 47.5962852, 13.7911089 47.596245)",,,,,,,
2393561527,2393561528,0,230927151,path,,,False,False,9.848599868698173,"LINESTRING (-121.9808797 47.5962064, -121.9807595 47.5962421)",,,,,,,
2393561528,2393561527,0,230927151,path,,,False,True,9.848599868698173,"LINESTRING (-121.9807595 47.5962421, -121.9808797 47.5962064)",,,,,,,
2397682323,2397682324,0,231380407,unclassified,,,False,True,4.45198397577088,"LINESTRING (-1.9584865 47.5962062, -1.9585282 47.5962347)",,,,,,,
2397682324,2397682323,0,231380407,unclassified,,,False,False,4.45198397577088,"LINESTRING (-1.9585282 47.5962347, -1.9584865 47.5962062)",,,,,,,
2397682324,2397682325,0,231380407,unclassified,,,False,True,4.179934391668955,"LINESTRING (-1.9585282 47.5962347, -1.9585838 47.5962374)",,,,,,,
2397682325,2397682324,0,231380407,unclassified,,,False,False,4.179934391668955,"LINESTRING (-1.9585838 47.5962374, -1.9585282 47.5962347)",,,,,,,
2502365513,2502365516,0,242781125,track,Seven Up Road,FS 7605300,False,False,32.33789435587187,"LINESTRING (-120.8717497 47.5962137, -120.8715998 47.5962379, -120.8714398 47.5962519, -120.8713242 47.5962475)",,,,,,,
2502365516,2502365513,0,242781125,track,Seven Up Road,FS 7605300,False,True,32.33789435587187,"LINESTRING (-120.8713242 47.5962475, -120.8714398 47.5962519, -120.8715998 47.5962379, -120.8717497 47.5962137)",,,,,,,
2555355234,248484811,0,766797537,secondary,,St 2007,False,False,7.879903018705193,"LINESTRING (10.3990327 47.5962207, 10.3991293 47.5962486)",100,2,5,,,,
2686222969,6233158453,0,"[665873179, 582907867]","['path', 'footway']",,,False,"[False, True]",29.13715251923891,"LINESTRING (11.0594329 47.596236, 11.059444 47.5962855, 11.0591423 47.596226)",,,,,,,
2752311222,2752311224,0,270172809,track,,,False,False,44.72339869186668,"LINESTRING (-2.5824299 47.5962132, -2.5823223 47.5962471, -2.5821909 47.5962745, -2.5820858 47.5962874, -2.5819879 47.5962712, -2.5818684 47.5962326)",,,,,,,
2752311224,2752311222,0,270172809,track,,,False,True,44.72339869186668,"LINESTRING (-2.5818684 47.5962326, -2.5819879 47.5962712, -2.5820858 47.5962874, -2.5821909 47.5962745, -2.5823223 47.5962471, -2.5824299 47.5962132)",,,,,,,
2780733392,5951647856,0,"[629812506, 273199011]","['footway', 'service']",,,False,"[False, True]",4.754491591390008,"LINESTRING (19.1120085 47.596222, 19.1120206 47.5962175, 19.1120458 47.5962463)",,,,,parking_aisle,,
2780733393,5951647856,0,273199017,service,,,False,False,7.290565858551268,"LINESTRING (19.112133 47.5962173, 19.1120458 47.5962463)",,,,,parking_aisle,,
2780733398,5951647856,0,273199017,service,,,False,True,0.8715569946506178,"LINESTRING (19.1120354 47.5962498, 19.1120458 47.5962463)",,,,,parking_aisle,,
2800766058,12473476957,0,1348473541,footway,,,False,True,5.409611959594183,"LINESTRING (9.5967089 47.5962106, 9.5967605 47.5962446)",,,,,,,
2807666504,318032013,0,605997975,primary,,85,False,False,134.63558862282028,"LINESTRING (16.7900249 47.5962174, 16.7892196 47.596255, 16.7887603 47.5962484, 16.7882335 47.5962168)",,,,,,,
2852400715,5903189644,0,281262995,unclassified,,,False,False,4.343795235723789,"LINESTRING (-0.4863818 47.5962455, -0.4863425 47.5962168)",,,,,,,
2918673001,3116257329,0,"[288306608, 754556587, 754556588]",footway,,,False,True,19.60850552761795,"LINESTRING (19.0668969 47.5962016, 19.0668585 47.5962035, 19.0666663 47.596213, 19.0666361 47.5962145)",,,,,,building_passage,
3116257329,2918673001,0,"[288306608, 754556587, 754556588]",footway,,,False,False,19.60850552761795,"LINESTRING (19.0666361 47.5962145, 19.0666663 47.596213, 19.0668585 47.5962035, 19.0668969 47.5962016)",,,,,,building_passage,
3187527775,3187527776,0,312846806,track,,,False,False,39.20633573631675,"LINESTRING (3.7313182 47.5962033, 3.7315554 47.5962338, 3.7316721 47.5962465, 3.7318265 47.5962109)",,,,,,,
3187527776,3187527775,0,312846806,track,,,False,True,39.20633573631675,"LINESTRING (3.7318265 47.5962109, 3.7316721 47.5962465, 3.7315554 47.5962338, 3.7313182 47.5962033)",,,,,,,
3187527777,3187527778,0,312846806,track,,,False,True,14.441634615341108,"LINESTRING (3.7301621 47.5962185, 3.7299701 47.5962287)",,,,,,,
3187527778,3187527777,0,312846806,track,,,False,False,14.441634615341108,"LINESTRING (3.7299701 47.5962287, 3.7301621 47.5962185)",,,,,,,
3189061232,3189061233,0,312990754,service,,,False,True,38.514088182304214,"LINESTRING (9.1267884 47.5962166, 9.1273018 47.5962269)",,,,,driveway,,
3189061233,3189061232,0,312990754,service,,,False,False,38.514088182304214,"LINESTRING (9.1273018 47.5962269, 9.1267884 47.5962166)",,,,,driveway,,
3230131109,1583878327,0,1159444292,living_street,Badstubenweg,,False,False,0.6327692558085934,"LINESTRING (7.6649595 47.5962344, 7.664961 47.59624)",,,4,,,,
3234612468,12251208722,0,1204722203,residential,Rue de la Roche,,False,True,14.684176865903842,"LINESTRING (3.9785373 47.596212, 3.9783416 47.5962168)",30,,3.5,,,,
3246099461,3246099464,0,320010601,path,Endriegelgraben,,False,False,15.599737741110136,"LINESTRING (15.220979 47.596203, 15.221048 47.59624, 15.221161 47.596213)",,,,,,,
3246099462,3246099463,0,320010601,path,Endriegelgraben,,False,False,11.81569380978165,"LINESTRING (15.220703 47.596204, 15.22071 47.596234, 15.220814 47.596205)",,,,,,,
3246099463,3246099462,0,320010601,path,Endriegelgraben,,False,True,11.81569380978165,"LINESTRING (15.220814 47.596205, 15.22071 47.596234, 15.220703 47.596204)",,,,,,,
3246099464,3246099461,0,320010601,path,Endriegelgraben,,False,True,15.599737741110136,"LINESTRING (15.221161 47.596213, 15.221048 47.59624, 15.220979 47.596203)",,,,,,,
3299345926,328523063,0,269508041,service,Mühlau,,False,True,2.5660906444103158,"LINESTRING (12.5511319 47.5962007, 12.5511291 47.5962237)",,,,,,,
3299345927,328523063,0,29811688,service,Mühlau,,False,True,17.676693615186377,"LINESTRING (12.5513638 47.596215, 12.5512984 47.5962227, 12.5512357 47.5962243, 12.5511291 47.5962237)",,,,,,,
3394171347,3722672560,0,"[172807390, 172807391]","['tertiary', 'residential']","['Rue de Berentzwiller', 'Impasse des Vergers']",D 16,False,"[False, True]",10.27439623767107,"LINESTRING (7.3683883 47.5962456, 7.3684608 47.5962704, 7.3684795 47.596235)",30,,,,,,
3466143410,46234084,0,5812656,service,,,False,False,58.156090248013484,"LINESTRING (-112.0198511 47.5962214, -112.0201523 47.5962364, -112.0204371 47.5962228, -112.0206206 47.5962505)",,,,,,,
3491314786,3491314787,0,342097587,unclassified,,,False,False,7.450112141789435,"LINESTRING (3.8529089 47.5962079, 3.853008 47.5962031)",80,,,,,,
3491314787,3491314786,0,342097587,unclassified,,,False,True,7.450112141789435,"LINESTRING (3.853008 47.5962031, 3.8529089 47.5962079)",80,,,,,,
3491348737,3491348738,0,342103595,service,,,False,True,14.922469210483882,"LINESTRING (15.5682475 47.5962162, 15.5681594 47.5962403, 15.568056 47.5962332)",,1,3,,alley,,
3491348738,3491348737,0,342103595,service,,,False,False,14.922469210483882,"LINESTRING (15.568056 47.5962332, 15.5681594 47.5962403, 15.5682475 47.5962162)",,1,3,,alley,,
3567109072,3567134737,0,350991893,footway,,,False,True,5.489815169999244,"LINESTRING (19.0491412 47.5962459, 19.0491792 47.5962037)",,,,,,,
3567134737,3567109072,0,350991893,footway,,,False,False,5.489815169999244,"LINESTRING (19.0491792 47.5962037, 19.0491412 47.5962459)",,,,,,,
3616047189,3616047190,0,157740308,track,,,False,False,19.57593058762583,"LINESTRING (14.4284177 47.5962154, 14.4281602 47.5962444)",,,,,,,
3616047190,3616047189,0,157740308,track,,,False,True,19.57593058762583,"LINESTRING (14.4281602 47.5962444, 14.4284177 47.5962154)",,,,,,,
3722672560,3394171347,0,"[172807390, 172807391]","['tertiary', 'residential']","['Rue de Berentzwiller', 'Impasse des Vergers']",D 16,False,"[False, True]",10.27439623767107,"LINESTRING (7.3684795 47.596235, 7.3684608 47.5962704, 7.3683883 47.5962456)",30,,,,,,
3729133129,1487344257,0,135421373,track,,,False,True,393.96665503156925,"LINESTRING (38.7889974 47.5962151, 38.7837436 47.5962439)",,,,,,,
3795112382,3795112386,0,376115860,service,,,False,True,16.583495983036975,"LINESTRING (8.059803 47.5962005, 8.0596895 47.5962278, 8.0595903 47.5962163)",,,,,,,
3795112386,3795112382,0,376115860,service,,,False,False,16.583495983036975,"LINESTRING (8.0595903 47.5962163, 8.0596895 47.5962278, 8.059803 47.5962005)",,,,,,,
3795112388,322486267,0,29311219,track,Unterer Schupißweg,,False,False,9.085097007062686,"LINESTRING (8.0740673 47.5962207, 8.0741794 47.5962517)",,,,,,,
4014850934,4014850935,0,398739764,path,,,False,False,19.855290189883167,"LINESTRING (6.7915843 47.5962522, 6.7913203 47.5962384)",,,,,,,
4014850935,4014850934,0,398739764,path,,,False,True,19.855290189883167,"LINESTRING (6.7913203 47.5962384, 6.7915843 47.5962522)",,,,,,,
4017740429,4017740430,0,399036998,track,,,False,True,14.857067351152343,"LINESTRING (12.4030321 47.5962098, 12.4029717 47.5962216, 12.4029 47.5962246, 12.4028388 47.5962134)",,,,,,,
4017740430,4017740429,0,399036998,track,,,False,False,14.857067351152343,"LINESTRING (12.4028388 47.5962134, 12.4029 47.5962246, 12.4029717 47.5962216, 12.4030321 47.5962098)",,,,,,,
4022084542,1603752943,0,"[399467332, 147161237]","['path', 'track']",,,False,False,27.174178427036633,"LINESTRING (10.5505975 47.5962322, 10.5507737 47.5962351, 10.5508812 47.5962409, 10.5509595 47.5962406)",,,,,,,
4047556100,9761883279,0,402343649,path,,,False,True,8.8644433001123,"LINESTRING (-1.7200071 47.5962395, -1.7201224 47.5962219)",,,,,,,
4047556102,9761883291,0,402343649,path,,,False,True,5.458576200252013,"LINESTRING (-1.7195929 47.5962017, -1.7196655 47.5962053)",,,,,,,
4200364791,4200364802,0,420050760,service,,,False,False,5.539774751851041,"LINESTRING (8.8191971 47.5962251, 8.8191299 47.5962458)",,,,,driveway,,
4200364800,4200364801,0,420050761,service,,,False,False,6.937149614086863,"LINESTRING (8.8200136 47.5962023, 8.8199211 47.5962012)",,,,,driveway,,
4200364801,4200364800,0,420050761,service,,,False,True,6.937149614086863,"LINESTRING (8.8199211 47.5962012, 8.8200136 47.5962023)",,,,,driveway,,
4200364802,4200364791,0,420050760,service,,,False,True,5.539774751851041,"LINESTRING (8.8191299 47.5962458, 8.8191971 47.5962251)",,,,,driveway,,
4200364802,4200364810,0,420050762,service,,,False,False,68.05729569016854,"LINESTRING (8.8191299 47.5962458, 8.8193142 47.5962449, 8.819385 47.5962542, 8.8194744 47.5962781, 8.8195653 47.5962864, 8.8197902 47.5962812, 8.8199042 47.5962771, 8.8199674 47.5962646, 8.8200136 47.5962407)",,,,,driveway,,
4200364810,4200364802,0,420050762,service,,,False,True,68.05729569016854,"LINESTRING (8.8200136 47.5962407, 8.8199674 47.5962646, 8.8199042 47.5962771, 8.8197902 47.5962812, 8.8195653 47.5962864, 8.8194744 47.5962781, 8.819385 47.5962542, 8.8193142 47.5962449, 8.8191299 47.5962458)",,,,,driveway,,
4272177948,5569958514,0,582379691,path,,,False,False,44.928386319009924,"LINESTRING (-1.7158288 47.5962033, -1.7157765 47.5962007, -1.715405 47.5962213, -1.7152322 47.5962077)",,,,,,,
4343198876,4343198881,0,436430049,track,,,False,False,15.140735619375633,"LINESTRING (-0.6953571 47.5962026, -0.695164 47.5962424)",,,,,,,
4343198877,4343198880,0,"[436430049, 152132457]","['tertiary', 'track']",Rue de Grieul,D 291,False,True,16.722114763275115,"LINESTRING (-0.6956789 47.5962026, -0.6958074 47.5962708, -0.6958446 47.5962395)",70,,,,,,
4343198880,4343198877,0,"[152132457, 436430049]","['tertiary', 'track']",Rue de Grieul,D 291,False,False,16.722114763275115,"LINESTRING (-0.6958446 47.5962395, -0.6958074 47.5962708, -0.6956789 47.5962026)",70,,,,,,
4343198881,4343198876,0,436430049,track,,,False,True,15.140735619375633,"LINESTRING (-0.695164 47.5962424, -0.6953571 47.5962026)",,,,,,,
4375834312,4375834313,0,439906495,track,,,False,False,22.623602856646187,"LINESTRING (6.6596775 47.5962134, 6.6599791 47.5962189)",,,2,,,,
4375834313,4375834312,0,439906495,track,,,False,True,22.623602856646187,"LINESTRING (6.6599791 47.5962189, 6.6596775 47.5962134)",,,2,,,,
4442289201,7619442245,0,447028379,unclassified,,,False,False,2.736437452245537,"LINESTRING (-1.7141792 47.5962369, -1.7142089 47.5962512)",,,,,,,
4615269449,4649075440,0,"[466788896, 466788897, 466788898, 466788895]",service,,,False,"[False, True]",60.650833101960146,"LINESTRING (14.4978266 47.5962063, 14.4977891 47.5962138, 14.4977045 47.5962152, 14.497644 47.5962182, 14.4976321 47.5962186, 14.4974939 47.5962349, 14.4973068 47.5962385, 14.4971953 47.5962354, 14.4970789 47.5962199, 14.4970247 47.5962144)",,,,yes,driveway,,
4649075440,4615269449,0,"[466788896, 466788897, 466788898, 466788895]",service,,,False,"[False, True]",60.65083310196015,"LINESTRING (14.4970247 47.5962144, 14.4970789 47.5962199, 14.4971953 47.5962354, 14.4973068 47.5962385, 14.4974939 47.5962349, 14.4976321 47.5962186, 14.497644 47.5962182, 14.4977045 47.5962152, 14.4977891 47.5962138, 14.4978266 47.5962063)",,,,yes,driveway,,
4696155948,1605610547,0,"[475937304, 147342045]",unclassified,Rue du Cabestan,,False,True,18.31907569575756,"LINESTRING (-3.0432176 47.59621, -3.0431491 47.5962501, -3.0429999 47.5962255)",,,,,,,
4759082133,10007211946,0,"[39436946, 1013245982]","['service', 'footway']",,,False,"[False, True]",9.319525605316544,"LINESTRING (7.6201501 47.5962131, 7.6202173 47.5962351, 7.6202392 47.5962051)",,,,,driveway,,
4902792660,4902792661,0,"[498942792, 498942795]",path,,,False,True,40.06197552266281,"LINESTRING (11.845282 47.5962007, 11.8453447 47.5962222, 11.8453924 47.5962249, 11.8454396 47.5962414, 11.8454636 47.5962454, 11.8456082 47.5962276, 11.8456729 47.5962312, 11.8457323 47.5962134, 11.8457932 47.5962089)",,,"['0.3', '0.5']",,,,
4902792661,4902792660,0,"[498942792, 498942795]",path,,,False,False,40.061975522662806,"LINESTRING (11.8457932 47.5962089, 11.8457323 47.5962134, 11.8456729 47.5962312, 11.8456082 47.5962276, 11.8454636 47.5962454, 11.8454396 47.5962414, 11.8453924 47.5962249, 11.8453447 47.5962222, 11.845282 47.5962007)",,,"['0.3', '0.5']",,,,
4902792662,587913403,0,498942795,path,,,False,True,31.988921501288253,"LINESTRING (11.8347956 47.5962104, 11.8348424 47.5962324, 11.8349258 47.5962275, 11.8349803 47.5962331, 11.8350235 47.5962411, 11.8350763 47.5962612, 11.835106 47.5962673, 11.8351247 47.5962663, 11.8351946 47.5962471)",,,0.5,,,,
4902792679,587913379,0,498942792,path,,,False,True,31.308907535082028,"LINESTRING (11.8464597 47.5962427, 11.8466129 47.5962551, 11.8468733 47.5962291)",,,0.3,,,,
4998610312,4998610315,0,510868547,path,,,False,False,49.02178384599171,"LINESTRING (24.3372488 47.5962231, 24.3371952 47.5962882, 24.3369698 47.596281, 24.3366587 47.5962376)",,,,,,,
4998610315,4998610312,0,510868547,path,,,False,True,49.02178384599171,"LINESTRING (24.3366587 47.5962376, 24.3369698 47.596281, 24.3371952 47.5962882, 24.3372488 47.5962231)",,,,,,,
5121227682,1345544183,0,332742041,living_street,Sárkányfű utca,,False,True,4.376039583767698,"LINESTRING (19.1753429 47.5962068, 19.1753323 47.5962455)",20,,,,,,
5194031886,5194031888,0,536075996,path,,,False,True,2.038558840601066,"LINESTRING (7.6271748 47.5962345, 7.62719 47.5962193)",,,,,,,
5194031888,5194031886,0,536075996,path,,,False,False,2.038558840601066,"LINESTRING (7.62719 47.5962193, 7.6271748 47.5962345)",,,,,,,
5377345806,1343438168,0,143247485,primary,Route 470,470,False,True,23.415647238812625,"LINESTRING (-58.9774257 47.5962412, -58.9771156 47.5962164)",,,,,,,
5456755685,5456755687,0,"[566704152, 566704172]","['unclassified', 'service']",Незалежності вулиця,,False,False,214.23365044315554,"LINESTRING (35.3713414 47.5962037, 35.3718757 47.5962247, 35.3735766 47.5962212, 35.3739362 47.5962442, 35.374194 47.596223)",,,,,,,
5456755687,5456755685,0,"[566704152, 566704172]","['unclassified', 'service']",Незалежності вулиця,,False,True,214.2336504431555,"LINESTRING (35.374194 47.596223, 35.3739362 47.5962442, 35.3735766 47.5962212, 35.3718757 47.5962247, 35.3713414 47.5962037)",,,,,,,
5569958514,4272177948,0,582379691,path,,,False,True,44.928386319009924,"LINESTRING (-1.7152322 47.5962077, -1.715405 47.5962213, -1.7157765 47.5962007, -1.7158288 47.5962033)",,,,,,,
5903189644,2852400715,0,281262995,unclassified,,,False,True,4.343795235723789,"LINESTRING (-0.4863425 47.5962168, -0.4863818 47.5962455)",,,,,,,
5913779987,5913779988,0,144870676,unclassified,Impasse de la Bruyère,,False,True,4.17368188532691,"LINESTRING (-0.1220269 47.5962311, -0.1219729 47.596222)",,,,,,,
5913779988,5913779987,0,144870676,unclassified,Impasse de la Bruyère,,False,False,4.17368188532691,"LINESTRING (-0.1219729 47.596222, -0.1220269 47.5962311)",,,,,,,
5951647856,2780733398,0,273199017,service,,,False,False,0.8715569946506178,"LINESTRING (19.1120458 47.5962463, 19.1120354 47.5962498)",,,,,parking_aisle,,
5951647856,2780733393,0,273199017,service,,,False,True,7.290565858551268,"LINESTRING (19.1120458 47.5962463, 19.112133 47.5962173)",,,,,parking_aisle,,
5951647856,2780733392,0,"[629812506, 273199011]","['service', 'footway']",,,False,"[False, True]",4.754491591390008,"LINESTRING (19.1120458 47.5962463, 19.1120206 47.5962175, 19.1120085 47.596222)",,,,,parking_aisle,,
6233158453,2686222969,0,"[665873179, 582907867]","['path', 'footway']",,,False,"[False, True]",29.13715251923891,"LINESTRING (11.0591423 47.596226, 11.059444 47.5962855, 11.0594329 47.596236)",,,,,,,
6246208439,6246208440,0,144711990,residential,,,False,False,14.731006199032699,"LINESTRING (28.5181367 47.5962122, 28.5179409 47.5962014)",,,,,,,
6246208440,6246208439,0,144711990,residential,,,False,True,14.731006199032699,"LINESTRING (28.5179409 47.5962014, 28.5181367 47.5962122)",,,,,,,
6315703344,6315703353,0,674378969,service,,,False,True,61.25457513452246,"LINESTRING (19.345792 47.5962349, 19.3458805 47.5962562, 19.345965 47.5962746, 19.3460481 47.5962846, 19.3461252 47.5962878, 19.3462204 47.5962841, 19.346317 47.5962801, 19.3464196 47.5962742, 19.3464899 47.5962683, 19.3465255 47.5962629, 19.3465564 47.5962484, 19.3465743 47.5962302)",,,,,,,
6315703353,8632008376,0,262678417,service,,,False,True,2.446579131791663,"LINESTRING (19.3465743 47.5962302, 19.3465738 47.5962082)",,,,,,,
6315703353,6315703357,0,"[46973592, 107950169]","['path', 'footway']",,,False,False,16.99165074523532,"LINESTRING (19.3465743 47.5962302, 19.3466608 47.5962695, 19.3467522 47.5962147)",,,,,,,
6315703353,6315703344,0,674378969,service,,,False,False,61.25457513452246,"LINESTRING (19.3465743 47.5962302, 19.3465564 47.5962484, 19.3465255 47.5962629, 19.3464899 47.5962683, 19.3464196 47.5962742, 19.346317 47.5962801, 19.3462204 47.5962841, 19.3461252 47.5962878, 19.3460481 47.5962846, 19.345965 47.5962746, 19.3458805 47.5962562, 19.345792 47.5962349)",,,,,,,
6315703357,6315703353,0,"[46973592, 107950169]","['path', 'footway']",,,False,True,16.99165074523532,"LINESTRING (19.3467522 47.5962147, 19.3466608 47.5962695, 19.3465743 47.5962302)",,,,,,,
6521330606,1878565216,0,177400155,residential,,,False,False,10.949446746963394,"LINESTRING (27.8760721 47.5962169, 27.8762087 47.5962517)",,,,,,,
6555050846,6555050847,0,697983541,track,,,False,True,10.990921900053383,"LINESTRING (7.5771989 47.596243, 7.5773419 47.5962213)",,,,,,,
6555050847,6555050846,0,697983541,track,,,False,False,10.990921900053383,"LINESTRING (7.5773419 47.5962213, 7.5771989 47.596243)",,,,,,,
6734368666,612904978,0,48223579,residential,,,False,True,73.67316486929043,"LINESTRING (25.1515649 47.5962079, 25.152023 47.5962157, 25.1521809 47.5962118, 25.1523234 47.5962144, 25.1525467 47.5962053)",RO:urban,,,,,,
6787588382,366173226,0,32556981,residential,Strada Fundoi,,False,True,32.59874531050752,"LINESTRING (25.6655377 47.5962005, 25.6654533 47.5962172, 25.6653668 47.5962267, 25.66523 47.5962208, 25.6651099 47.5962061)",RO:urban,,,,,,
6795310290,6795310291,0,100784544,track,,,False,False,8.869505506146222,"LINESTRING (12.5654063 47.5962231, 12.565338 47.5962362, 12.5652949 47.5962231)",,,,,,,
6795310291,6795310290,0,100784544,track,,,False,True,8.869505506146222,"LINESTRING (12.5652949 47.5962231, 12.565338 47.5962362, 12.5654063 47.5962231)",,,,,,,
6901915473,6901915477,0,737216779,service,,,False,False,15.194589295830427,"LINESTRING (-122.1100946 47.5962294, -122.1100503 47.5962573, -122.110003 47.5962722, -122.1099586 47.5962682, -122.1099246 47.5962483)",,,,,,,
6901915477,6901915473,0,737216779,service,,,False,True,15.194589295830426,"LINESTRING (-122.1099246 47.5962483, -122.1099586 47.5962682, -122.110003 47.5962722, -122.1100503 47.5962573, -122.1100946 47.5962294)",,,,,,,
7061582060,7061582062,0,756068746,path,,,False,True,10.0081827212175,"LINESTRING (8.7248497 47.5962017, 8.7249663 47.5962455)",,,,,,,
7061582062,7061582060,0,756068746,path,,,False,False,10.0081827212175,"LINESTRING (8.7249663 47.5962455, 8.7248497 47.5962017)",,,,,,,
7081506871,335984676,0,30444287,path,,,False,True,4.473177333615034,"LINESTRING (7.6740642 47.5962141, 7.6741076 47.5962417)",,,1,,,,
7104508882,7104508883,0,760505958,track,,,False,True,4.637540173577447,"LINESTRING (19.1229411 47.5962049, 19.1229084 47.5962403)",,,,,,,
7104508883,7104508882,0,760505958,track,,,False,False,4.637540173577447,"LINESTRING (19.1229084 47.5962403, 19.1229411 47.5962049)",,,,,,,
7124957513,7124957518,0,115214284,track,,,False,False,32.652535178435436,"LINESTRING (12.4343846 47.5962047, 12.4342819 47.5962272, 12.4341866 47.5962397, 12.4340963 47.5962464, 12.4340332 47.5962456, 12.4339651 47.5962222)",,,,,,,
7124957518,7124957513,0,115214284,track,,,False,True,32.652535178435436,"LINESTRING (12.4339651 47.5962222, 12.4340332 47.5962456, 12.4340963 47.5962464, 12.4341866 47.5962397, 12.4342819 47.5962272, 12.4343846 47.5962047)",,,,,,,
7124957537,7124957541,0,115214284,track,,,False,False,21.73180882208834,"LINESTRING (12.4331486 47.5962197, 12.4330916 47.5962731, 12.4330446 47.5962815, 12.4329803 47.5962614, 12.432958 47.5962147)",,,,,,,
7124957541,7124957537,0,115214284,track,,,False,True,21.73180882208834,"LINESTRING (12.432958 47.5962147, 12.4329803 47.5962614, 12.4330446 47.5962815, 12.4330916 47.5962731, 12.4331486 47.5962197)",,,,,,,
7142344653,7142344664,0,764531038,living_street,,,False,False,20.906389464532005,"LINESTRING (28.9386848 47.5962326, 28.9388243 47.5962403, 28.9389625 47.5962313)",,,,,,,
7142344664,7142344653,0,764531038,living_street,,,False,True,20.906389464532005,"LINESTRING (28.9389625 47.5962313, 28.9388243 47.5962403, 28.9386848 47.5962326)",,,,,,,
7195143920,7195143988,0,"[770850006, 770849991]",footway,,,False,True,27.07776635213368,"LINESTRING (1.3380842 47.5962222, 1.3380533 47.5962382, 1.3379381 47.5962981, 1.3378185 47.5962104)",,,,,,,
7195143988,7195143920,0,"[770850006, 770849991]",footway,,,False,False,27.077766352133676,"LINESTRING (1.3378185 47.5962104, 1.3379381 47.5962981, 1.3380533 47.5962382, 1.3380842 47.5962222)",,,,,,,
7423711923,9292788308,0,"[1007285865, 793629661]",footway,,,False,True,39.955914585481906,"LINESTRING (19.2396374 47.5962052, 19.2396696 47.5962179, 19.240088 47.596207, 19.24016 47.5962251)",,,,,,,
7619442245,4442289201,0,447028379,unclassified,,,False,True,2.736437452245537,"LINESTRING (-1.7142089 47.5962512, -1.7141792 47.5962369)",,,,,,,
8140927495,8140927496,0,874519331,service,,,False,False,5.300986899571142,"LINESTRING (-117.2472221 47.5962517, -117.2471823 47.5962123)",,,,,driveway,,
8140927496,8140927495,0,874519331,service,,,False,True,5.300986899571142,"LINESTRING (-117.2471823 47.5962123, -117.2472221 47.5962517)",,,,,driveway,,
8196496086,8196496088,0,881280512,path,,,False,True,6.033711402419186,"LINESTRING (12.1696597 47.5962394, 12.1696356 47.5962611, 12.1696034 47.5962448)",,,,,,,
8196496088,8196496086,0,881280512,path,,,False,False,6.033711402419186,"LINESTRING (12.1696034 47.5962448, 12.1696356 47.5962611, 12.1696597 47.5962394)",,,,,,,
8388518077,983584312,0,"[208260112, 84673124]","['tertiary', 'residential']",Октябрьский переулок,,False,False,110.69318089238338,"LINESTRING (40.154883 47.5962078, 40.1545628 47.5962486, 40.1542203 47.596269, 40.153948 47.5962704, 40.1538969 47.5962698, 40.1535544 47.5962654, 40.1534372 47.5962131)",,,,,,,
8420816742,1369459418,0,"[122594177, 906850735]","['path', 'footway']",Virginia River Walk,,False,"[False, True]",28.437094515705883,"LINESTRING (-52.6950501 47.596212, -52.6951846 47.5962848, -52.6952177 47.5962991, -52.6953037 47.5962022)",,,,,,,
8493285889,8493285890,0,914279170,footway,,,False,False,3.290107781603554,"LINESTRING (-52.6935826 47.5962231, -52.6936223 47.5962357)",,,,,,,
8493285890,8493285889,0,914279170,footway,,,False,True,3.290107781603554,"LINESTRING (-52.6936223 47.5962357, -52.6935826 47.5962231)",,,,,,,
8493285890,8493285892,0,914279170,footway,,,False,False,5.83965729645685,"LINESTRING (-52.6936223 47.5962357, -52.6936667 47.5962341, -52.693697 47.5962246)",,,,,,,
8493285892,8493285890,0,914279170,footway,,,False,True,5.83965729645685,"LINESTRING (-52.693697 47.5962246, -52.6936667 47.5962341, -52.6936223 47.5962357)",,,,,,,
8563389019,12353455802,0,1335301682,service,,,False,False,9.82682332678543,"LINESTRING (-117.4880659 47.5962465, -117.4879483 47.5962075)",,,,,,,
8566258267,8566258268,0,922781442,path,,,False,False,4.395813154100124,"LINESTRING (-52.7087098 47.5962351, -52.7087436 47.5962028)",,,,,,,
8566258268,8566258267,0,922781442,path,,,False,True,4.395813154100124,"LINESTRING (-52.7087436 47.5962028, -52.7087098 47.5962351)",,,,,,,
8592404125,8592404145,0,925871860,footway,,,False,True,70.87769887171196,"LINESTRING (-52.7040663 47.5962229, -52.7040528 47.5962481, -52.7040201 47.5962603, -52.7039831 47.5962655, -52.7039153 47.5962645, -52.7032591 47.5962447, -52.7031928 47.5962427, -52.7031574 47.5962312)",,,,,,,
8592404144,8592404145,0,925871860,footway,,,False,False,2.3732476371436886,"LINESTRING (-52.7031358 47.5962156, -52.7031574 47.5962312)",,,,,,,
8592404145,8592404144,0,925871860,footway,,,False,True,2.3732476371436886,"LINESTRING (-52.7031574 47.5962312, -52.7031358 47.5962156)",,,,,,,
8592404145,8592429418,0,925871862,footway,,,False,True,9.278523054574348,"LINESTRING (-52.7031574 47.5962312, -52.7030337 47.5962291)",,,,,,,
8592404145,8592404125,0,925871860,footway,,,False,False,70.87769887171197,"LINESTRING (-52.7031574 47.5962312, -52.7031928 47.5962427, -52.7032591 47.5962447, -52.7039153 47.5962645, -52.7039831 47.5962655, -52.7040201 47.5962603, -52.7040528 47.5962481, -52.7040663 47.5962229)",,,,,,,
8592404199,8592404205,0,925871861,footway,,,False,False,65.70883259385266,"LINESTRING (-52.7020393 47.5962074, -52.7021573 47.5962153, -52.7023406 47.5962169, -52.7025577 47.5962224, -52.7027865 47.596231, -52.7028788 47.5962318, -52.7029138 47.5962271)",,,,,,,
8592404205,8592404206,0,925871861,footway,,,False,False,2.5963834105607155,"LINESTRING (-52.7029138 47.5962271, -52.7029383 47.5962106)",,,,,,,
8592404205,8592429418,0,925871862,footway,,,False,False,8.99339353061791,"LINESTRING (-52.7029138 47.5962271, -52.7030337 47.5962291)",,,,,,,
8592404205,8592404199,0,925871861,footway,,,False,True,65.70883259385266,"LINESTRING (-52.7029138 47.5962271, -52.7028788 47.5962318, -52.7027865 47.596231, -52.7025577 47.5962224, -52.7023406 47.5962169, -52.7021573 47.5962153, -52.7020393 47.5962074)",,,,,,,
8592404206,8592404205,0,925871861,footway,,,False,True,2.5963834105607155,"LINESTRING (-52.7029383 47.5962106, -52.7029138 47.5962271)",,,,,,,
8592429418,8592404145,0,925871862,footway,,,False,False,9.278523054574348,"LINESTRING (-52.7030337 47.5962291, -52.7031574 47.5962312)",,,,,,,
8592429418,8592404205,0,925871862,footway,,,False,True,8.99339353061791,"LINESTRING (-52.7030337 47.5962291, -52.7029138 47.5962271)",,,,,,,
8618017896,12471920254,0,110403192,service,,,False,False,4.426041462229513,"LINESTRING (19.3593467 47.5962152, 19.3594056 47.5962126)",,,,,,,
8632008376,6315703353,0,262678417,service,,,False,False,2.446579131791663,"LINESTRING (19.3465738 47.5962082, 19.3465743 47.5962302)",,,,,,,
8649258151,8649258156,0,933084487,footway,,,False,True,4.741197739148879,"LINESTRING (-52.7261855 47.5962236, -52.7261504 47.5962377, -52.7261591 47.5962516)",,,,,,,
8649258153,8649258156,0,933084488,footway,,,False,False,16.43199508761009,"LINESTRING (-52.7261989 47.5962523, -52.7262729 47.5962237, -52.7262636 47.5962149, -52.7261591 47.5962516)",,,,,,,
8649258156,8649258151,0,933084487,footway,,,False,False,4.741197739148879,"LINESTRING (-52.7261591 47.5962516, -52.7261504 47.5962377, -52.7261855 47.5962236)",,,,,,,
8649258156,8649258153,0,933084488,footway,,,False,True,16.43199508761009,"LINESTRING (-52.7261591 47.5962516, -52.7262636 47.5962149, -52.7262729 47.5962237, -52.7261989 47.5962523)",,,,,,,
8662084149,8662084153,0,934665487,footway,,,False,False,11.728942753250545,"LINESTRING (-52.7240104 47.5962313, -52.7240328 47.5962484, -52.7240531 47.5962566, -52.7240853 47.5962615, -52.724107 47.596258, -52.7241466 47.5962457)",,,,,,,
8662084153,8662084149,0,934665487,footway,,,False,True,11.728942753250546,"LINESTRING (-52.7241466 47.5962457, -52.724107 47.596258, -52.7240853 47.5962615, -52.7240531 47.5962566, -52.7240328 47.5962484, -52.7240104 47.5962313)",,,,,,,
8712794509,8712794510,0,940790710,footway,,,False,False,2.830013814280961,"LINESTRING (-52.7294237 47.5962153, -52.7294328 47.59624)",,,,,,,
8712794510,8712794509,0,940790710,footway,,,False,True,2.830013814280961,"LINESTRING (-52.7294328 47.59624, -52.7294237 47.5962153)",,,,,,,
8779119576,12559653506,0,"[948451474, 1357000498]",track,,,False,"[False, True]",19.87578242573478,"LINESTRING (12.1426824 47.5962137, 12.1427309 47.5962482, 12.1428051 47.596301, 12.1427812 47.5962448)",,,1,,,,no
8779119578,8779119579,0,948451474,track,,,False,True,17.638213746580135,"LINESTRING (12.1422939 47.5962252, 12.1420587 47.5962229)",,,,,,,
8779119579,8779119578,0,948451474,track,,,False,False,17.638213746580135,"LINESTRING (12.1420587 47.5962229, 12.1422939 47.5962252)",,,,,,,
9083566313,9083566315,0,218505787,residential,Грушівська вулиця,,False,True,18.411887812629814,"LINESTRING (34.0324614 47.5962009, 34.0325153 47.5962245, 34.032607 47.5962261, 34.0326919 47.5962069)",,,,,,,
9083566315,9083566313,0,218505787,residential,Грушівська вулиця,,False,False,18.411887812629814,"LINESTRING (34.0326919 47.5962069, 34.032607 47.5962261, 34.0325153 47.5962245, 34.0324614 47.5962009)",,,,,,,
9125227904,266852976,0,24542440,residential,Pater Stefan-Straße,,False,True,5.60648002774412,"LINESTRING (12.1780106 47.5962478, 12.1779618 47.5962096)",,2,,,,,
9193914945,9193914946,0,995652000,track,,,False,True,21.26695370369012,"LINESTRING (7.8022657 47.5962367, 7.8019828 47.5962231)",,,,,,,
9193914946,9193914945,0,995652000,track,,,False,False,21.26695370369012,"LINESTRING (7.8019828 47.5962231, 7.8022657 47.5962367)",,,,,,,
9292788308,7423711923,0,"[1007285865, 793629661]",footway,,,False,False,39.955914585481906,"LINESTRING (19.24016 47.5962251, 19.240088 47.596207, 19.2396696 47.5962179, 19.2396374 47.5962052)",,,,,,,
9367493884,9368345416,0,1174823210,footway,,,False,True,2.5513151826486467,"LINESTRING (1.3389946 47.5962385, 1.339013 47.5962192)",,,,,,,
9368345416,9367493884,0,1174823210,footway,,,False,False,2.5513151826486467,"LINESTRING (1.339013 47.5962192, 1.3389946 47.5962385)",,,,,,,
9396999698,318085652,0,1288874048,residential,Stettiner Straße,,False,True,3.7752789285494033,"LINESTRING (7.6254128 47.5962057, 7.6253817 47.5962324)",30,,,,,,
9458863114,9458883266,0,"[1025930872, 1025930863]",path,,,False,"[False, True]",26.367454476578622,"LINESTRING (1.3095268 47.5962517, 1.3096976 47.5962742, 1.3098392 47.5962019)",,,,,,,
9458883266,9458863114,0,"[1025930872, 1025930863]",path,,,False,"[False, True]",26.367454476578622,"LINESTRING (1.3098392 47.5962019, 1.3096976 47.5962742, 1.3095268 47.5962517)",,,,,,,
9702725911,9702725913,0,1055947710,footway,,,False,False,1.9936157755154684,"LINESTRING (1.3105664 47.59622, 1.3105523 47.5962048)",,,,,,,
9702725913,9702725911,0,1055947710,footway,,,False,True,1.9936157755154684,"LINESTRING (1.3105523 47.5962048, 1.3105664 47.59622)",,,,,,,
9750214784,331227560,0,"[1021347996, 30071838]","['service', 'footway']",,,False,"[False, True]",12.32541161870966,"LINESTRING (-122.1979955 47.5962247, -122.198017 47.5962594, -122.1981128 47.5962249)",,,,,,,
9761883279,4047556100,0,402343649,path,,,False,False,8.8644433001123,"LINESTRING (-1.7201224 47.5962219, -1.7200071 47.5962395)",,,,,,,
9761883291,4047556102,0,402343649,path,,,False,False,5.458576200252013,"LINESTRING (-1.7196655 47.5962053, -1.7195929 47.5962017)",,,,,,,
9767055218,9767055219,0,1063257324,track,,,False,True,9.031900186001216,"LINESTRING (-1.2907836 47.5962285, -1.2906656 47.5962448)",,,,,,,
9767055219,9767055218,0,1063257324,track,,,False,False,9.031900186001216,"LINESTRING (-1.2906656 47.5962448, -1.2907836 47.5962285)",,,,,,,
9771124457,9771124458,0,1063796685,path,,,False,True,12.242230715542984,"LINESTRING (7.6164296 47.596232, 7.6162679 47.5962168)",,,,,,,
9771124458,9771124457,0,1063796685,path,,,False,False,12.242230715542984,"LINESTRING (7.6162679 47.5962168, 7.6164296 47.596232)",,,,,,,
9880623486,9880623487,0,991105062,footway,,,False,True,6.071045669133708,"LINESTRING (1.3444365 47.5962102, 1.3445165 47.5962018)",,,,,,,
9880623487,9880623486,0,991105062,footway,,,False,False,6.071045669133708,"LINESTRING (1.3445165 47.5962018, 1.3444365 47.5962102)",,,,,,,
9895887534,9895887541,0,261384585,track,,,False,False,47.61129721704991,"LINESTRING (13.7410158 47.596252, 13.7408897 47.5962285, 13.7407932 47.5962267, 13.7406912 47.5962448, 13.740584 47.5962502, 13.7404686 47.5962448, 13.7403908 47.5962358)",,,,,,,
9895887541,9895887534,0,261384585,track,,,False,True,47.61129721704991,"LINESTRING (13.7403908 47.5962358, 13.7404686 47.5962448, 13.740584 47.5962502, 13.7406912 47.5962448, 13.7407932 47.5962267, 13.7408897 47.5962285, 13.7410158 47.596252)",,,,,,,
9903287300,9903309218,0,1080444092,track,,,False,True,11.917853413378754,"LINESTRING (-112.3386872 47.5962106, -112.338845 47.5962234)",,,,,,,
9903309218,9903287300,0,1080444092,track,,,False,False,11.917853413378754,"LINESTRING (-112.338845 47.5962234, -112.3386872 47.5962106)",,,,,,,
9955355532,9955355533,0,1244915101,track,,,False,False,8.103810072088462,"LINESTRING (13.281872 47.5962133, 13.2817796 47.5962511)",,,,,,,
9955355533,9955355532,0,1244915101,track,,,False,True,8.103810072088462,"LINESTRING (13.2817796 47.5962511, 13.281872 47.5962133)",,,,,,,
9981720847,9981720862,0,"[108448393, 135319659]",path,,,False,"[False, True]",33.912065282709165,"LINESTRING (18.8709706 47.5962007, 18.8709723 47.5962037, 18.870974 47.5962062, 18.8709765 47.596209, 18.8709807 47.5962129, 18.8709861 47.5962169, 18.8709938 47.5962216, 18.871004 47.5962268, 18.8710139 47.5962312, 18.8710238 47.5962345, 18.871038 47.5962382, 18.8710495 47.5962405, 18.8710636 47.5962426, 18.8710839 47.5962451, 18.8711126 47.596248, 18.871129 47.5962493, 18.8711462 47.5962497, 18.8711666 47.596249, 18.8712157 47.5962453, 18.8712267 47.5962442, 18.8712411 47.5962425, 18.8712635 47.5962383, 18.8712794 47.596235, 18.8712976 47.596231, 18.8713233 47.5962242, 18.871368 47.5962095, 18.871386 47.5962031)",,,1.5,,,,
9981720862,9981720847,0,"[108448393, 135319659]",path,,,False,"[False, True]",33.91206528270917,"LINESTRING (18.871386 47.5962031, 18.871368 47.5962095, 18.8713233 47.5962242, 18.8712976 47.596231, 18.8712794 47.596235, 18.8712635 47.5962383, 18.8712411 47.5962425, 18.8712267 47.5962442, 18.8712157 47.5962453, 18.8711666 47.596249, 18.8711462 47.5962497, 18.871129 47.5962493, 18.8711126 47.596248, 18.8710839 47.5962451, 18.8710636 47.5962426, 18.8710495 47.5962405, 18.871038 47.5962382, 18.8710238 47.5962345, 18.8710139 47.5962312, 18.871004 47.5962268, 18.8709938 47.5962216, 18.8709861 47.5962169, 18.8709807 47.5962129, 18.8709765 47.596209, 18.870974 47.5962062, 18.8709723 47.5962037, 18.8709706 47.5962007)",,,1.5,,,,
10007211946,4759082133,0,"[39436946, 1013245982]","['footway', 'service']",,,False,"[False, True]",9.319525605316544,"LINESTRING (7.6202392 47.5962051, 7.6202173 47.5962351, 7.6201501 47.5962131)",,,,,driveway,,
10018298049,10020427423,0,314561209,track,Kisvesszőshalmi út,,False,True,63.65759187118271,"LINESTRING (20.2072856 47.596202, 20.2075948 47.5962068, 20.2078618 47.5962111, 20.2081341 47.5962027)",,,,,,,
10020427423,10018298049,0,314561209,track,Kisvesszőshalmi út,,False,False,63.6575918711827,"LINESTRING (20.2081341 47.5962027, 20.2078618 47.5962111, 20.2075948 47.5962068, 20.2072856 47.596202)",,,,,,,
10065514567,754702565,0,60510379,path,Buckhorn Trail,,False,False,16.69226219908541,"LINESTRING (-103.3317257 47.5962082, -103.3319479 47.5962173)",,,,,,,
10170354056,10170354058,0,1111649661,service,,,False,False,11.298012689980437,"LINESTRING (-117.389915 47.5962007, -117.3899767 47.5962115, -117.3900632 47.5962057)",,,,,driveway,,
10170354058,10170354056,0,1111649661,service,,,False,True,11.298012689980437,"LINESTRING (-117.3900632 47.5962057, -117.3899767 47.5962115, -117.389915 47.5962007)",,,,,driveway,,
10296450013,48820759,0,5935376,unclassified,Peha Road East,,False,True,203.7993758042155,"LINESTRING (-118.9096367 47.5962374, -118.9069189 47.5962228)",,,,,,,
10635576472,950712821,0,81558477,path,,,False,True,3.4958248169389954,"LINESTRING (-3.148702 47.5962357, -3.1486572 47.5962444)",,,,,,,
10692718275,10692718276,0,1149375685,service,,,False,False,3.3368127250219266,"LINESTRING (-2.9977046 47.5962004, -2.9977491 47.5962004)",,,,,,,
10692718276,10692718275,0,1149375685,service,,,False,True,3.3368127250219266,"LINESTRING (-2.9977491 47.5962004, -2.9977046 47.5962004)",,,,,,,
10936845690,446040592,0,37975441,residential,Loogasse,,False,False,59.59977327160761,"LINESTRING (8.7873091 47.5962306, 8.7871367 47.5962548, 8.7869592 47.5962684, 8.7866554 47.5962545, 8.7865222 47.5962374)",30,,,,,,
11035642552,11035642553,0,1188452344,path,,,False,False,20.1058953460578,"LINESTRING (-2.263908 47.5962231, -2.2641736 47.5962479)",,,,,,,
11035642553,11035642552,0,1188452344,path,,,False,True,20.1058953460578,"LINESTRING (-2.2641736 47.5962479, -2.263908 47.5962231)",,,,,,,
11119228560,11119228562,0,1198721026,track,,,False,False,37.21595329993411,"LINESTRING (25.0837319 47.5962073, 25.0840173 47.5962167, 25.0842265 47.5962005)",,,,,,,
11119228562,11119228560,0,1198721026,track,,,False,True,37.21595329993411,"LINESTRING (25.0842265 47.5962005, 25.0840173 47.5962167, 25.0837319 47.5962073)",,,,,,,
11346190476,11346190505,0,1223188725,track,,,False,False,4.871309416850206,"LINESTRING (14.3636973 47.5962068, 14.363637 47.5962231)",,,,,,,
11346190505,11346190476,0,1223188725,track,,,False,True,4.871309416850206,"LINESTRING (14.363637 47.5962231, 14.3636973 47.5962068)",,,,,,,
11406943293,11406943294,0,1230046896,service,,,False,False,3.2147335553246377,"LINESTRING (1.388254 47.5962063, 1.3882115 47.5962025)",,,,,driveway,,
11406943294,11406943293,0,1230046896,service,,,False,True,3.2147335553246377,"LINESTRING (1.3882115 47.5962025, 1.388254 47.5962063)",,,,,driveway,,
11652427107,11652427110,0,1253554603,track,,,False,False,27.407199065356043,"LINESTRING (28.80898 47.5962423, 28.8088646 47.5962712, 28.8087225 47.5962549, 28.808642 47.5962169)",,,,,,,
11652427110,11652427107,0,1253554603,track,,,False,True,27.407199065356043,"LINESTRING (28.808642 47.5962169, 28.8087225 47.5962549, 28.8088646 47.5962712, 28.80898 47.5962423)",,,,,,,
12077121357,898792660,0,1092972561,track,,,False,False,37.50389586472298,"LINESTRING (12.7514678 47.5962255, 12.751225 47.5962541, 12.7509742 47.5962284)",,,,,,,
12251208722,3234612468,0,1204722203,residential,Rue de la Roche,,False,False,14.684176865903842,"LINESTRING (3.9783416 47.5962168, 3.9785373 47.596212)",30,,3.5,,,,
12353455802,8563389019,0,1335301682,service,,,False,True,9.82682332678543,"LINESTRING (-117.4879483 47.5962075, -117.4880659 47.5962465)",,,,,,,
12367210550,12367210551,0,1337085087,track,,,False,True,8.329358211676581,"LINESTRING (10.5109079 47.5962005, 10.5108114 47.5962376)",,,,,,,
12367210551,12367210550,0,1337085087,track,,,False,False,8.329358211676581,"LINESTRING (10.5108114 47.5962376, 10.5109079 47.5962005)",,,,,,,
12367210551,2069759799,0,28454262,track,,,False,False,78.92151422499312,"LINESTRING (10.5108114 47.5962376, 10.5106682 47.5962363, 10.5100912 47.5962719, 10.5097646 47.5962406)",,,,,,,
12373191141,1681139440,0,155759056,residential,Rue des Champs,,False,True,29.07589325769073,"LINESTRING (7.1166891 47.5962023, 7.1169055 47.5962156, 7.1170746 47.5962011)",,,,,,,
12381122526,12381122528,0,5733220,footway,Crow Creek Trail,,False,True,7.572366699919693,"LINESTRING (-113.9505939 47.5962409, -113.9506405 47.5962461, -113.9506841 47.5962249)",,,,,,,
12381122528,12381122526,0,5733220,footway,Crow Creek Trail,,False,False,7.572366699919693,"LINESTRING (-113.9506841 47.5962249, -113.9506405 47.5962461, -113.9505939 47.5962409)",,,,,,,
12405797526,12405797529,0,1341118718,footway,,,False,False,7.532293349878062,"LINESTRING (-121.9826393 47.596223, -121.9825991 47.5962121, -121.9825602 47.5962112, -121.9825428 47.5962148)",,,,,,,
12405797529,12405797526,0,1341118718,footway,,,False,True,7.532293349878062,"LINESTRING (-121.9825428 47.5962148, -121.9825602 47.5962112, -121.9825991 47.5962121, -121.9826393 47.596223)",,,,,,,
12471920254,8618017896,0,110403192,service,,,False,True,4.426041462229513,"LINESTRING (19.3594056 47.5962126, 19.3593467 47.5962152)",,,,,,,
12473476957,2800766058,0,1348473541,footway,,,False,False,5.409611959594183,"LINESTRING (9.5967605 47.5962446, 9.5967089 47.5962106)",,,,,,,
12559653506,8779119576,0,"[1357000498, 948451474]",track,,,False,"[False, True]",19.875782425734776,"LINESTRING (12.1427812 47.5962448, 12.1428051 47.596301, 12.1427309 47.5962482, 12.1426824 47.5962137)",,,1,,,,no
12699412720,21627702,0,298359272,track,Wimbachweg,AV 411;AV 421,False,True,51.77333303819854,"LINESTRING (12.9183909 47.5962482, 12.9185843 47.5962721, 12.9188281 47.5962702, 12.9190705 47.5962289)",,,,,,,
12730331561,12730331562,0,1374920998,service,,,False,False,12.000002240495823,"LINESTRING (-117.3628678 47.5962299, -117.3627079 47.5962255)",,,,,driveway,,
12730331562,12730331561,0,1374920998,service,,,False,True,12.000002240495823,"LINESTRING (-117.3627079 47.5962255, -117.3628678 47.5962299)",,,,,driveway,,
